<?xml version="1.0"?>

<extension>
	<name>PLUGIN_ACCURADIO</name>
	<module>Plugins::Accuradio::Plugin</module>
	<playerMenu>RADIO</playerMenu>
	<version>1.0</version>
	<description>PLUGIN_ACCURADIO_DESC</description>
	<creator>bpa</creator>
	<email>baltontwo@eircom.net</email>
	<icon>plugins/Accuradio/html/images/accuradio.jpg</icon>
	<optionsURL>plugins/Accuradio/settings/basic.html</optionsURL>
	<defaultState>enabled</defaultState>
	<targetApplication>
		<id>SlimServer</id>
		<minVersion>8.3</minVersion>
        	<maxVersion>*</maxVersion>
	</targetApplication>
</extension>
