<?xml version="1.0"?>

<extension>
	<name>PLUGIN_BBCIPLAYEREXTRA</name>
	<module>Plugins::BBCiPlayerExtra::Plugin</module>
	<playerMenu>RADIO</playerMenu>
	<version>3.4.0</version>
	<description>PLUGIN_BBCIPLAYEREXTRA_DESC</description>
	<creator>bpa</creator>
	<email>baltontwo@eircom.net</email>
	<icon>plugins/BBCiPlayerExtra/html/images/bbciplayerextra.png</icon>
	<optionsURL>plugins/BBCiPlayerExtra/settings/basic.html</optionsURL>
	<defaultState>enabled</defaultState>
	<targetApplication>
		<id>SlimServer</id>
		<minVersion>7.7.*</minVersion>
        	<maxVersion>8.*</maxVersion>
	</targetApplication>
</extension>
