<?xml version="1.0"?>

<extension>
	<name>PLUGIN_ARCHIVEORG</name>
	<module>Plugins::ArchiveOrg::Plugin</module>
	<playerMenu>RADIO</playerMenu>
	<version>0.5</version>
	<description>PLUGIN_ARCHIVEORG_DESC</description>
	<creator>bpa</creator>
	<email>baltontwo@eircom.net</email>
	<icon>plugins/ArchiveOrg/html/images/archiveorg_svg.png</icon>
	<optionsURL>plugins/ArchiveOrg/settings/basic.html</optionsURL>
	<defaultState>enabled</defaultState>
	<targetApplication>
		<id>SlimServer</id>
		<minVersion>8.3</minVersion>
        	<maxVersion>*</maxVersion>
	</targetApplication>
</extension>
