<?xml version="1.0"?>

<extension>
	<name>PLUGIN_PLAYHLS</name>
	<module>Plugins::PlayHLS::Plugin</module>
	<playerMenu>RADIO</playerMenu>
	<version>2.5</version>
	<description>PLUGIN_PLAYHLS_DESC</description>
	<creator>bpa</creator>
	<defaultState>enabled</defaultState>
	<homepageURL></homepageURL>
	<optionsURL></optionsURL>
	<icon></icon>
	<type>2</type><!-- type=extension -->
	<targetApplication>
		<id>SlimServer</id>
		<minVersion>7.7</minVersion>
	        <maxVersion>*</maxVersion>
	</targetApplication>
</extension>
