<?xml version="1.0"?>

<extension>
	<name>PLUGIN_XPLAY</name>
	<module>Plugins::Xplay::Plugin</module>
	<playerMenu>RADIO</playerMenu>
	<version>1.01</version>
	<description>PLUGIN_XPLAY_DESC</description>
	<creator>bpa</creator>
	<defaultState>enabled</defaultState>
	<homepageURL></homepageURL>
	<optionsURL>plugins/Xplay/settings/basic.html</optionsURL>
	<icon>plugins/Xplay/html/images/xplay.png</icon>
	<type>2</type><!-- type=extension -->
	<targetApplication>
		<id>Squeezecenter</id>
		<minVersion>7.3</minVersion>
		<maxVersion>7.*</maxVersion>
	</targetApplication>
	<targetPlatform>Linux</targetPlatform>

</extension>
