<?xml version="1.0"?>

<extension>
	<name>PLUGIN_BBCIPLAYER</name>
	<module>Plugins::BBCiPlayer::Plugin</module>
	<version>1.6.9</version>
	<description>PLUGIN_BBCIPLAYER_DESC</description>
	<creator>Triode</creator>
	<email>triode1@btinternet.com</email>
	<icon>plugins/BBCiPlayer/html/images/bbciplayer.png</icon>
	<optionsURL>plugins/BBCiPlayer/settings/basic.html</optionsURL>
	<defaultState>enabled</defaultState>
	<targetApplication>
		<id>SlimServer</id>
		<minVersion>7.7</minVersion>
        <maxVersion>*</maxVersion>
	</targetApplication>
</extension>
