<?xml version="1.0"?>

<extension>
	<name>PLUGIN_LIVE365</name>
	<module>Plugins::Live365::Plugin</module>
	<playerMenu>RADIO</playerMenu>
	<version>0.1</version>
	<description>PLUGIN_LIVE365_DESC</description>
	<creator>bpa</creator>
	<email>baltontwo@eircom.net</email>
	<icon>plugins/Live365/html/images/live365_svg.png</icon>
	<optionsURL>plugins/Live365/settings/basic.html</optionsURL>
	<defaultState>enabled</defaultState>
	<targetApplication>
		<id>SlimServer</id>
		<minVersion>8.0</minVersion>
        	<maxVersion>*</maxVersion>
	</targetApplication>
</extension>
