<?xml version="1.0"?>

<extension>
	<name>PLUGIN_RADIONET</name>
	<module>Plugins::RadioNet::Plugin</module>
	<playerMenu>RADIO</playerMenu>
	<version>1.6</version>
	<description>PLUGIN_RADIONET_DESC</description>
	<creator>bpa</creator>
	<email>baltontwo@eircom.net</email>
	<icon>plugins/RadioNet/html/images/radionet.jpg</icon>
	<optionsURL>plugins/RadioNet/settings/basic.html</optionsURL>
	<defaultState>enabled</defaultState>
	<targetApplication>
		<id>SlimServer</id>
		<minVersion>7.9</minVersion>
        	<maxVersion>*</maxVersion>
	</targetApplication>
</extension>
